Id (primary)|url_id|url|Address_1|Address_2|Address_3|Contact_1|Contact_2|Contact_3|Email_1|Email_2|Email_3|FaceBook_link|FaceBook_id|Twitter_link|Twitter_id|Youtube_link|Youtube_id|Linkedin_link1
Id (primary)|url_id|url|Address_1|Address_2|Address_3|Contact_1|Contact_2|Contact_3|Email_1|Email_2|Email_3|FaceBook_link|FaceBook_id|Twitter_link|Twitter_id|Youtube_link|Youtube_id|Linkedin_link1
1|1|https://www.bantamcleanpower.com|4769 E Wesley Drive Anaheim CA 92807|||800 465 9184|013 2018||support@bantamcleanpower.com|||https://www.facebook.com/BantamCleanPower|BantamCleanPower|https://twitter.com/Bantampower|Bantampower|||http://www.linkedin.com/company/3210098?trk=vsrp_companies_res_name&trkInfo=VSRPsearchId%3A818389111372109862215%2CVSRPtargetId%3A3210098%2CVSRPcmpt%3Aprimary
2|2|https://www.baselinesystems.com|10259 W Emerald Street Suite 160 Boise ID 83704|||866 294 5847|208 323 1634|208 323 1834||||||||||
3|3|https://www.batterychargers.com|801 Business Center Drive Mount Prospect IL 60056|||800 621 5485|||services@schumacherelectric.com|info@schumacherelectric.com||https://www.facebook.com/SchumacherElectric/|SchumacherElectric/|https://twitter.com/BatteryChargrs|BatteryChargrs|user/SchumacherElectric|user/SchumacherElectric|https://www.linkedin.com/company-beta/155034/?pathWildcard=155034
4|4|https://www.battery-chargers.com
5|5|https://www.battery-consulting.com
6|6|https://www.batteryspace.com||||510 525 2328|510 525 2328|510 525 2328|sales@batteryspace.com|sales@batteryspace.com||http://www.facebook.com/pages/AA-Portable-Power-Corpdba-BatterySpacecom/289622764403847?sk=info|pages/AA-Portable-Power-Corpdba-BatterySpacecom/289622764403847?sk=info|http://twitter.com/aaportablepower|aaportablepower|||
7|7|https://www.bayareacircuits.com|44358 Old Warm Springs Blvd Fremont CA 94538|||855 811 1975|510 933 9000|510 933 9001||||https://www.facebook.com/BayAreaCircuits|BayAreaCircuits|https://twitter.com/bayareacircuits|bayareacircuits|user/thepcbmanufacturer|user/thepcbmanufacturer|http://www.linkedin.com/company/bay-area-circuits-inc./
8|8|https://www.bbelec.com
9|9|https://www.bcpsystems.com
10|10|https://www.bdelectrical.com||||800 548 7904|800 548 7904|||||||||||
11|11|https://www.beamon.com||||408 982 0161|408 982 0164||bot@beamon.com|bot@beamon.com|apar@beamon.com|https://www.facebook.com/pages/Beam-On-Technology/227410547404084|pages/Beam-On-Technology/227410547404084|||c/Beamon|c/Beamon|http://www.linkedin.com/company/beam-on-technology
12|12|https://www.beckettenergy.com|38251 Center Ridge Rd North Ridgeville OH 44039|||440 353 6300|440 327 1060|440 353 6300|sales@beckettenergy.com|technical@beckettenergy.com|media@beckettenergy.com|||||||https://www.linkedin.com/company/beckett-energy-systems
13|13|https://www.behlke.com
14|14|https://www.beikimco.com
15|15|https://www.bellexinternational.com
16|16|https://www.benabr.com|2532 W Warren Blvd Suite 2nd Floor North Chicago IL 60612|312 637 3430 Address 2532 W Warren Blvd Suite 2nd Floor North Chicago IL 60612||312 637 3430|312 637 3430||info@benabr.com|lee@benabr.com||||||||
17|17|https://www.benchmarkcarbide.com|616 Dwight Street Springfield MA 01104|||800 523 8570|800 523 8570|763 954 1075|techsupport@benchmarkcarbide.com|sales@benchmarkcarbide.com|accounts@benchmarkcarbide.com|https://www.facebook.com/pages/Benchmark-Carbide/104082373051268|pages/Benchmark-Carbide/104082373051268|||channel/UCY8_UESDrdxLlm4GgWZYr8g|channel/UCY8_UESDrdxLlm4GgWZYr8g|https://www.linkedin.com/pub/benchmark-carbide/47/718/8a2
18|18|https://www.bevinsco.com|918 627 1273 9903 E 54th St Tulsa OK 74146|||918 627 1273|001 2008|918 627 1273||||https://www.facebook.com/bevinsco|bevinsco|https://twitter.com/bevins_co|bevins_co|channel/UCVeNNRHAu2tJekm6-btVnWQ/|channel/UCVeNNRHAu2tJekm6-btVnWQ/|http://www.linkedin.com/company/3012326
19|19|https://www.bhengineering.com
20|20|https://www.commfront.com||||800 490 8578|800 490 8578|301 576 8482|sales@commfront.com|sales@commfront.com|support@commfront.com|https://www.facebook.com/CommFront/|CommFront/|||user/CommfrontComm|user/CommfrontComm|
21|21|https://www.compexcorp.com
22|22|https://www.compressedairstore.com
23|23|https://www.connecticut-electric.com|1819 W 38th Street Anderson IN 46013|||800 730 2557|765 608 5036|800 730 2557|mknudson@connecticut-electric.com|sales@connecticut-electric.com|warranty@connecticut-electric.com|||||||
24|24|https://www.connecticutmicrowave.com
25|25|https://www.connectivedesign.com
26|26|https://www.connectpro.com
27|27|https://www.connectronicscorp.com
28|28|https://www.contemporaryresearch.com
29|29|https://www.continentalbattery.com
30|30|https://www.coppermountaintech.com||||||||||||||||
